;World Equities;Emerging Equities;World Bonds;US High Yield;Oil;Dollar;Gold
31.12.1999;1420.89;489.42;140.509;508.108;25.6;101.87;288
07.01.2000;1375.88;492.1;140.697;505.785;24.22;100.72;281.75
14.01.2000;1402.14;515.63;139.454;505.351;28.02;101.72;284.2
21.01.2000;1376.52;507.49;139.421;505.37;29.66;101.81;289.1
28.01.2000;1334.47;499.05;138.197;505.752;27.22;104.48;283.25
04.02.2000;1380.88;515.43;137.986;505.96;28.82;104.29;310.3
11.02.2000;1365;529.45;137.393;506.24;29.44;104.1;310.95
18.02.2000;1333.48;518.6;137.486;506.68;29.51;104.63;305
25.02.2000;1332.04;505.52;137.624;507.201;30.35;105.26;292.6
03.03.2000;1383.94;516.31;137.952;505.928;31.51;106;288.8
10.03.2000;1373.68;518.63;138.595;505.497;31.76;105.71;289
17.03.2000;1399.44;499.91;139.601;503.866;30.91;105.2;284.6
24.03.2000;1447.93;514.12;139.463;502.907;28.02;104.77;285
31.03.2000;1431.94;499.4;141.033;498.944;26.9;105.44;279.08
07.04.2000;1432.62;500.3;140.876;499.978;25.04;105.97;280
14.04.2000;1329.98;464.27;140.51;499.99;25.57;105.47;282.6
21.04.2000;1362.52;450.56;140.51;499.99;27.35;107.45;280
28.04.2000;1370.11;451.36;136.675;498.833;25.74;110.14;273.55
05.05.2000;1357.15;446.25;134.39;496.753;27.29;111.31;278.95
12.05.2000;1344.75;431.91;135.17;496.21;29.62;109.9;276.15
19.05.2000;1314.59;425.34;134.668;494.487;29.89;111.47;274.25
26.05.2000;1302.29;410.21;137.645;492.967;30;109.12;272.25
02.06.2000;1390.18;448.7;139.259;495.434;30.35;108.12;281.15
09.06.2000;1379.61;453.12;139.99;498.471;30.2;106.99;283.85
16.06.2000;1380.48;443.93;141.418;500.338;32.33;105.96;289.25
23.06.2000;1365.73;439.09;139.793;501.491;32.25;108.1;283.15
30.06.2000;1377.72;445.52;141.118;502.07;32.5;106.84;289.53
07.07.2000;1394.35;451.7;140.091;503.341;30.28;107.65;283.65
14.07.2000;1404.51;454.95;139.234;504.484;31.4;108.45;281.3
21.07.2000;1377.75;442.43;139.273;506.526;30.93;108.44;280.35
28.07.2000;1329.38;421.13;138.972;505.609;28.18;109.74;278.38
04.08.2000;1345.52;423.5;138.812;506.491;29.96;110.85;273.5
11.08.2000;1357.52;425.76;138.691;508.243;31.02;111.21;275.15
18.08.2000;1370.69;429.85;138.676;507.782;31.99;111.01;276.65
25.08.2000;1383.45;426.79;138.844;509.281;32.03;111.35;274.25
01.09.2000;1395.15;423.72;139.103;512.091;33.38;111.42;276.75
08.09.2000;1353.77;419.29;136.858;515.398;33.63;114.34;273.05
15.09.2000;1326.19;405.85;136.009;515.355;35.92;116.1;272.45
22.09.2000;1309.53;377.62;137.457;511.341;32.68;113.82;272.15
29.09.2000;1305.24;386.03;137.643;508.782;30.84;113.25;274.25
06.10.2000;1289.48;383.29;136.742;506.515;30.86;114.85;269.65
13.10.2000;1247.98;355.18;137.025;501.102;34.99;115.86;272.65
20.10.2000;1252.56;358.51;135.607;496.588;33.75;117.16;271.55
27.10.2000;1253.72;357.06;135.99;495.862;32.74;117.39;264.55
03.11.2000;1295.78;369.45;137.413;492.609;32.71;114.97;265.15
10.11.2000;1252.45;365.18;137.269;492.869;34.02;115.79;264.75
17.11.2000;1243.87;353.97;136.871;491.371;35.45;117.31;265.75
24.11.2000;1214.76;338.9;136.063;485.877;35.4;118.48;266.35
01.12.2000;1210.53;329.31;138.854;477.951;32.02;114.73;269.4
08.12.2000;1245.38;348.24;140.377;480.58;28.44;114.05;272.8
15.12.2000;1211.47;340.92;141.391;487.17;28.87;112.9;270.95
22.12.2000;1197.95;330.81;143.301;488.714;26.18;110.82;273.95
29.12.2000;1221.25;333.79;143.793;488.524;26.8;109.56;272.25
05.01.2001;1211.43;348.56;145.136;495.72;27.95;108.42;268.15
12.01.2001;1211.98;353.23;143.563;506.197;30.05;109.27;264.3
19.01.2001;1229.6;370.48;143.238;511.367;32.19;110.67;264.75
26.01.2001;1231.86;370.79;142.556;514.621;29.77;111.46;263.05
02.02.2001;1229.95;376.73;144.184;519.063;31.19;110.32;267.55
09.02.2001;1194.63;368.18;143.359;522.97;31.03;111.52;260.65
16.02.2001;1180.34;369.21;143.177;524.132;29.16;112.26;258.95
23.02.2001;1134.8;348.09;142.541;523.086;29.04;112.03;261.55
02.03.2001;1130.22;344.01;144.531;525.326;27.84;111.17;262.85
09.03.2001;1133.75;346.43;144.298;528.894;28.01;111.44;271.75
16.03.2001;1050.53;326.44;141.944;523.917;26.74;115.32;259.05
23.03.2001;1039.65;317.19;141.952;517.469;27.3;115.94;262.3
30.03.2001;1061.26;313.14;139.935;519.172;26.29;117.37;257.95
06.04.2001;1053.08;304.98;141.74;509.541;27.06;114.75;260.05
13.04.2001;1088.11;312.83;141.494;509.386;28.25;115.54;259.25
20.04.2001;1130.58;319.11;140.478;510.268;27.28;114.32;264.65
27.04.2001;1137.86;323.73;139.881;513.316;28.27;115.62;263.65
04.05.2001;1150.75;329.55;141.311;519.465;28.36;114.93;266.15
11.05.2001;1132.91;326.97;139.346;520.145;28.55;116.84;268.05
18.05.2001;1155.99;333.5;139.263;521.492;29.91;116.41;287.55
25.05.2001;1143.75;335.56;138.395;522.996;28.38;118.18;277.65
01.06.2001;1122.64;329.44;139.14;523.326;27.93;118.89;267.05
08.06.2001;1125.45;334.64;138.587;523.733;28.33;119.21;273.75
15.06.2001;1085.37;326.99;139.718;519.681;28.51;118.29;271.55
22.06.2001;1087.42;322.63;139.357;513.673;26.83;118.91;272.6
29.06.2001;1084.79;322.89;137.759;512.48;26.25;119.47;270.85
06.07.2001;1050.75;311.42;137.491;515.057;28.21;119.9;266.25
13.07.2001;1066.91;301.84;138.457;513.962;26.59;119.33;267.35
20.07.2001;1063.46;297.69;140.91;514.214;25.59;117.21;270.05
27.07.2001;1058.54;299.95;141.247;518.65;27.02;116.94;267.55
03.08.2001;1076.81;306.89;142.053;522.489;27.62;116.14;268.55
10.08.2001;1053.9;301.69;143.964;525.3;28.05;115.29;274.55
17.08.2001;1041.46;300.45;146.318;525.461;26.68;112.99;279.25
24.08.2001;1057.95;298.74;145.789;523.877;26.9;113.33;272.85
31.08.2001;1016.73;298.17;146.417;525.644;27.2;113.42;274.4
07.09.2001;971.41;290.16;145.798;523.753;28.03;114.05;273.15
14.09.2001;946.33;260.87;148.639;510.131;29.53;114.15;285.55
21.09.2001;856.6;245.64;147.969;498.409;26.59;112.92;291.45
28.09.2001;926.02;251.4;147.62;491.625;23.43;113.41;293.25
05.10.2001;952.51;252.79;148.736;491.559;22.39;112.79;291
12.10.2001;968.05;262.86;147.05;496.972;22.5;113.61;284.45
19.10.2001;949.26;264.01;147.038;502.011;21.83;114.88;279.65
26.10.2001;976.42;271.53;147.009;505.073;22.03;115.54;277.35
02.11.2001;960.79;269.96;149.554;506.762;20.18;114.46;279.95
09.11.2001;986.33;279.98;149.641;511.65;22.22;115.1;277.45
16.11.2001;998.96;291.64;145.968;516.423;18.03;116.41;274.85
23.11.2001;1002.48;297.73;144.461;520.027;18.96;117.34;272.9
30.11.2001;997.93;294.43;146.869;522.867;19.44;116.13;274.4
07.12.2001;1013.71;317.15;144.132;521.999;19.04;116.07;274.55
14.12.2001;979.91;309;145.143;516.704;19.23;114.93;278.45
21.12.2001;992.43;305.38;143.56;518.049;19.62;116.98;278.15
28.12.2001;1007.97;315.22;142.352;518.823;20.41;117.25;276.55
04.01.2002;1023.49;332.53;143.224;522.943;21.62;116.33;278.95
11.01.2002;997.01;325.83;143.889;527.339;19.68;116.64;287.55
18.01.2002;980.08;320.6;143.117;524.679;18;117.64;283.55
25.01.2002;978.14;328.45;140.522;525.052;19.99;119.85;279.45
01.02.2002;967.44;327.03;140.988;522.029;20.38;119.69;286.25
08.02.2002;949.11;324.85;141.635;520.158;20.26;118.98;303.75
15.02.2002;961.94;334.42;142.493;519.365;21.5;118.55;297.85
22.02.2002;946.27;326.82;142.669;516.733;21.07;118.48;292.75
01.03.2002;980.73;336.7;141.529;518.004;22.4;119.4;298.15
08.03.2002;1020.41;346.71;142.534;524.726;23.84;117.99;289.75
15.03.2002;1020.33;346.7;142.635;527.372;24.51;117.18;290.05
22.03.2002;1006.18;351.31;141.23;528.717;25.35;118.05;297.75
29.03.2002;1003.6;351.43;141.23;528.717;26.31;118.62;302.65
05.04.2002;990.93;354.58;142.762;530.051;26.21;117.69;300.05
12.04.2002;976.24;352.31;142.916;532.844;23.47;117.74;302.15
19.04.2002;996.91;363.42;143.844;535.885;26.38;116.29;302.35
26.04.2002;967.58;358.17;146.012;536.97;27.11;115.04;311.35
03.05.2002;968.42;354.06;147.435;537.209;26.62;113.59;311.95
10.05.2002;956.61;349.25;146.9;536.627;27.99;113.92;311.05
17.05.2002;994.87;360.73;147.671;532.503;28.18;113;311.05
24.05.2002;980.38;356.52;148.741;534.589;25.88;112.8;320.55
31.05.2002;967.85;346.28;150.067;534.846;25.31;111.81;326.55
07.06.2002;933.08;340.31;150.85;532.287;24.75;110.99;323.95
14.06.2002;905.7;336.24;152.504;527.552;25.94;110.76;319.35
21.06.2002;894.9;324.11;155.19;524.099;25.53;108.19;324.65
28.06.2002;907.81;319.75;157.076;496.667;26.86;106.11;314.45
05.07.2002;905.02;326.21;155.809;491.489;26.8;107.74;311.55
12.07.2002;853.37;328.12;159.477;492.343;27.48;105.89;316.05
19.07.2002;806.14;321.25;161.868;490.247;27.83;104.06;323.95
26.07.2002;785.78;292.32;159.71;476.973;26.54;106.61;303.75
02.08.2002;795.79;293.25;160.153;479.072;26.84;106.67;307.35
09.08.2002;829.45;292.81;159.491;475.876;26.86;108.18;314.55
16.08.2002;842.66;298.2;160.902;473.101;29.33;106.65;313.95
23.08.2002;852.46;301.54;160.902;473.101;28.63;107.97;307.05
30.08.2002;830.58;298.89;161.56;488.859;28.98;106.98;312.75
06.09.2002;808.07;289.1;162.962;489.274;29.61;106.84;320.25
13.09.2002;798.17;292.52;162.111;492.833;29.81;108.06;316.85
20.09.2002;760.8;281.26;161.804;488.938;29.61;107.53;322.15
27.09.2002;752.08;270.7;161.65;483.366;30.54;107.53;319.95
04.10.2002;727.58;269.62;162.353;477.159;29.62;107.6;322.25
11.10.2002;749.32;255.98;161.916;466.651;29.37;107.25;316.75
18.10.2002;789.83;276.85;159.241;469.017;29.6;108.52;312.85
25.10.2002;792.81;279.99;160.455;472.316;27.05;107.92;313.85
01.11.2002;798.85;282.09;163.287;477.608;27.13;106.08;319.75
08.11.2002;800.4;292.75;165.953;487.047;25.78;104.5;321.55
15.11.2002;809.75;292.44;164.964;491.355;25.51;105.04;320.55
22.11.2002;828.58;297.33;163.341;503.439;26.76;106.12;321.05
29.11.2002;833.47;302.36;163.113;505.529;26.89;106.38;318.15
06.12.2002;810.42;299.28;164.231;505.369;26.93;105.36;326.25
13.12.2002;793.31;298.58;167.072;507.93;28.44;103.98;333.15
20.12.2002;796.21;301.89;168.033;511.243;30.56;103.47;340.75
27.12.2002;784.06;295.99;169.985;512.818;32.72;102.41;349.25
03.01.2003;813.91;299.98;169.266;515.276;33.08;102.47;351.25
10.01.2003;824.47;302.86;170.445;528.691;31.68;101.23;354.75
17.01.2003;808.77;301.96;172.917;527.954;33.91;100.55;356.55
24.01.2003;777.97;293.9;174.962;529.244;33.28;99.22;368.25
31.01.2003;767.48;290.44;173.526;528.007;33.51;99.91;368.15
07.02.2003;750.08;284.59;174.413;526.876;35.12;99.57;369.75
14.02.2003;754.25;279.25;174.056;523.557;36.8;100.04;351.55
21.02.2003;763.52;286.75;175.295;529.086;36.79;100.09;351.35
28.02.2003;752.86;281.29;175.994;534.796;36.6;99.71;349.95
07.03.2003;737.98;274.43;179.473;538.583;37.78;98.04;350.75
14.03.2003;740.35;275.25;175.6;540.21;35.38;99.99;336.35
21.03.2003;785.87;282.19;170.97;542.502;28.61;102;326.05
28.03.2003;762.95;277.32;174.092;547.845;30.16;99.96;331.85
04.04.2003;774.86;281.02;173.681;557.182;28.62;100.4;325.55
11.04.2003;770.3;284.7;174.08;558.271;28.14;100.18;328.05
18.04.2003;792.77;297.28;174.08;558.271;30.55;99.28;325.95
25.04.2003;794.41;285.77;176.975;574.171;26.26;98.36;333.25
02.05.2003;822.5;296.71;179.304;582.573;25.67;96.75;340.95
09.05.2003;831.39;302.46;183.128;583.456;27.72;94.98;348.55
16.05.2003;844.29;303.02;185.439;585.586;29.14;94.08;354.75
23.05.2003;836.94;307.08;187.932;583.075;29.16;93.05;368.75
30.05.2003;857.65;315.44;186.348;585.613;29.56;93.29;364.45
06.06.2003;883.29;324.48;186.825;592.58;31.28;93.48;363.75
13.06.2003;887.46;330.16;190.1;599.64;30.65;92.22;356.65
20.06.2003;894.19;336.28;186.301;603.21;30.82;93.91;357.38
27.06.2003;874.18;333.57;183.102;601.193;29.27;95.04;345.25
04.07.2003;883.66;344.82;183.401;601.183;30.42;94.55;350.85
11.07.2003;889.53;346.42;182.249;604.376;31.28;95.8;345.2
18.07.2003;881.67;344.54;179.687;603.604;31.96;96.63;347.25
25.07.2003;894.61;350.41;182.076;601.309;30.17;94.96;362.75
01.08.2003;880.79;353.23;177.947;590.054;32.31;96.66;346.15
08.08.2003;878.4;349.61;180.199;586.946;32.18;96.36;356.75
15.08.2003;895.26;362.18;178.055;583.24;31.05;96.65;363.75
22.08.2003;897.74;372.85;175.576;594.708;31.84;98.83;362.95
29.08.2003;905.32;375.52;176.623;600.58;31.57;98.1;375.55
05.09.2003;922.87;384.73;176.978;606.277;28.88;97.09;377.35
12.09.2003;922.99;383.97;179.364;609.459;28.27;96;375.25
19.09.2003;942.48;382.83;182.034;614.308;27.03;94.78;381.85
26.09.2003;912.19;376.66;184.794;614.966;28.16;93.85;380.85
03.10.2003;944.23;390.32;185.469;618.043;30.4;93.1;369.55
10.10.2003;956.27;407.88;187.778;622.165;31.97;91.52;373.05
17.10.2003;959.43;409.65;185.278;626.398;30.68;92.29;371.65
24.10.2003;946.11;400.68;187.591;626.144;30.16;91.43;388.55
31.10.2003;962.71;409.11;185.512;629.53;29.11;92.73;384.25
07.11.2003;967.33;416.47;183.301;630.87;30.85;93.02;383.05
14.11.2003;970.02;417.67;187.844;633.183;32.37;91.37;397.55
21.11.2003;955.98;403.72;189.306;635.76;32.86;90.6;396.05
28.11.2003;976.02;413.33;188.501;637.898;30.41;90.23;398.15
05.12.2003;987.82;419.68;191.034;644.911;30.73;89.14;406.35
12.12.2003;995.22;426.37;192.685;647.088;33.04;88.6;408.85
19.12.2003;1008.52;427.76;193.626;650.085;33.02;88.15;409.35
26.12.2003;1018.31;433.36;195.195;651.7;32.86;87.63;412.25
02.01.2004;1038.06;450.7;195.366;652.751;32.52;86.92;415.85
09.01.2004;1056.79;468.07;199.501;663.895;34.31;85.11;426.38
16.01.2004;1059.63;459.11;196.426;667.061;35.07;87.73;406.75
23.01.2004;1071.69;467.9;198.973;670.46;34.94;86.56;408.08
30.01.2004;1052.29;457.19;196.414;662.988;33.05;87.2;402.45
06.02.2004;1064.2;459.98;199.608;657.317;32.48;86.02;403.35
13.02.2004;1074.32;480.05;200.962;662.827;34.56;85.55;410.15
20.02.2004;1070.73;475.48;197.423;662.171;35.6;87.24;397.55
27.02.2004;1068.65;477.73;196.938;662.592;36.16;87.31;396.15
05.03.2004;1082.16;488.31;196.348;666.537;37.26;88.17;401.25
12.03.2004;1041.93;466.8;195.521;667.218;36.19;89.12;395.25
19.03.2004;1043.96;476.81;198.702;665.808;38.08;88.13;412.35
26.03.2004;1039.98;466.63;197.431;665.557;35.73;88.89;422.35
02.04.2004;1073.33;487.02;197.022;665.373;34.39;88.51;420.65
09.04.2004;1071.68;493.89;197.022;665.373;37.14;88.97;420.05
16.04.2004;1062.59;482.35;193.358;665.179;37.74;89.94;400.55
23.04.2004;1063.69;478.23;190.764;665.269;36.46;91.08;395.05
30.04.2004;1035.66;441.3;191.175;662.737;37.38;90.48;386.75
07.05.2004;1025.13;433.52;189.03;652.3;39.93;91.13;378.75
14.05.2004;1006.94;409.14;187.292;641.425;41.38;91.66;376.65
21.05.2004;1016.32;419.41;190.011;646.236;40.92;90.49;384.35
28.05.2004;1041.85;434.13;192.619;651.716;39.88;88.9;393.35
04.06.2004;1043.44;422.33;191.63;651.697;38.49;88.54;389.95
11.06.2004;1052.18;419.24;189.976;654.212;38.45;90.01;384.55
18.06.2004;1056.68;417.14;191.953;657.544;38.75;89.08;394.85
25.06.2004;1059.65;431.17;193.073;661.045;37.55;88.88;401.55
02.07.2004;1054.75;429.97;194.949;663.98;38.39;87.99;397.95
09.07.2004;1047.73;429.25;195.954;667.594;39.96;87.42;407.65
16.07.2004;1039.2;428.58;196.837;671.785;41.25;87.14;406.65
23.07.2004;1016.78;421.41;193.128;672.044;41.71;89.26;390.15
30.07.2004;1026.99;423.14;192.014;670.578;43.8;89.96;391.05
06.08.2004;1003.81;421.28;196.277;673.753;43.95;88.36;399.75
13.08.2004;999.32;421.79;196.989;673.825;46.58;87.9;398.95
20.08.2004;1023.34;432.2;197.518;677.379;47.86;88.12;412.75
27.08.2004;1032.6;438.12;195.314;680.944;43.18;89.77;403.25
03.09.2004;1036.24;442.46;194.753;682.999;43.99;89.63;401.05
10.09.2004;1049.52;450.56;197.982;687.473;42.81;88.39;402.75
17.09.2004;1051.62;460.68;196.881;690.57;45.59;88.84;405.65
24.09.2004;1041.53;461.29;198.233;692.655;48.88;88.4;407.83
01.10.2004;1062.85;470.55;198.676;692.121;50.12;87.63;419.47
08.10.2004;1064.1;481.7;199.634;695.932;53.31;87.51;422.78
15.10.2004;1051.21;466.45;201.314;697.775;54.93;87.09;418.8
22.10.2004;1049.82;468.15;203.693;698.864;55.17;85.87;424.23
29.10.2004;1072.7;474.27;205.058;705.211;51.76;84.91;428.55
05.11.2004;1108.5;490.35;206.22;710.457;49.61;84.01;433.55
12.11.2004;1122.84;497.78;207.375;710.437;47.32;83.69;437.85
19.11.2004;1121.21;505.8;209.925;713.546;48.44;83.31;447.05
26.11.2004;1132.85;511.7;212.229;714.479;49.44;81.78;451.95
03.12.2004;1144.32;520.82;213.402;714.495;42.54;80.98;455.9
10.12.2004;1128.1;503.92;211.679;718.835;40.71;82.67;434.2
17.12.2004;1139.29;520.91;212.52;720.494;46.28;82.16;441.5
24.12.2004;1163.05;531.6;212.52;720.494;44.18;81.28;442.65
31.12.2004;1169.34;542.17;215.663;723.255;43.45;80.85;438.45
07.01.2005;1139.91;518.96;210.617;722.487;45.43;83.6;419.05
14.01.2005;1141.07;528.16;212.951;720.053;48.38;82.97;423.15
21.01.2005;1128.22;525.49;212.213;718.835;46.91;83.26;427.25
28.01.2005;1133.4;535.71;212.496;721.956;47.18;83.48;427
04.02.2005;1157.97;549.46;212.624;727.347;46.48;84.39;414.7
11.02.2005;1163.3;553.84;210.88;729.673;47.16;84.57;420.9
18.02.2005;1169.16;566.62;210.967;731.421;48.35;83.49;427.42
25.02.2005;1177.14;581.73;211.979;732.995;51.49;82.66;435.25
04.03.2005;1192.43;585.26;212.768;733.618;53.78;82.52;434.3
11.03.2005;1181.57;585.03;213.856;731.633;54.43;81.42;444.95
18.03.2005;1169.19;564.03;212.687;725.643;56.72;82.05;439.35
25.03.2005;1147.04;548.44;212.687;725.643;54.84;84.15;424.88
01.04.2005;1148.16;555.86;210.168;713.278;57.27;84.43;426.25
08.04.2005;1153.65;555.44;208.501;717.668;53.32;84.4;427.1
15.04.2005;1123.82;535.99;210.966;710.193;50.49;84.56;424.9
22.04.2005;1129.86;537.62;213.527;712.547;55.39;83.5;434.6
29.04.2005;1123.64;531.99;213.613;705.322;49.72;84.43;434.4
06.05.2005;1140.62;550.78;212.89;707.642;50.96;84.62;426.2
13.05.2005;1118.4;537.3;211.096;702.139;48.67;86.1;420.4
20.05.2005;1137.93;544.38;209.601;703.942;46.8;86.63;417.65
27.05.2005;1147.67;550.5;210.093;715.561;51.85;86.42;420.45
03.06.2005;1146.65;555.79;209.764;726.653;55.03;88.04;422.45
10.06.2005;1147.4;556.16;208.508;724.299;53.54;88.69;427.05
17.06.2005;1166.84;569.96;208.04;727.004;58.47;87.65;437.65
24.06.2005;1149.81;567.25;208.49;728.623;59.84;88.78;439.95
01.07.2005;1147.83;568.16;205.817;732.098;58.75;90.13;427.4
08.07.2005;1156.7;564.09;204.796;733.47;59.63;90.25;423.1
15.07.2005;1173.75;582.83;204.73;739.463;58.09;89.72;421.55
22.07.2005;1182.14;596.12;206.352;740.128;58.65;89.64;425
29.07.2005;1188.17;602.56;205.652;743.172;60.57;89.35;429.8
05.08.2005;1187.88;615.71;206.104;740.417;62.31;88.06;437.3
12.08.2005;1208.2;621.3;209.123;741.286;66.86;86.98;446.2
19.08.2005;1190.99;604.18;206.983;743.733;65.35;88.6;436.3
26.08.2005;1184.73;604.76;209.374;746.229;66.13;87.86;437.7
02.09.2005;1207.36;624;212.608;745.07;67.57;86.3;444.4
09.09.2005;1225.59;633.59;211.597;745.746;64.08;86.89;449.2
16.09.2005;1220.98;640.21;207.994;744.147;63;88.06;459.75
23.09.2005;1204.53;640.73;206.952;739.13;64.19;89.29;463.25
30.09.2005;1224.31;661.32;205.308;738.709;66.24;89.52;469.3
07.10.2005;1193.97;637.9;205.194;736.908;61.84;89.17;474.85
14.10.2005;1183.86;618.36;203.717;729.687;62.63;89.46;469.7
21.10.2005;1168.08;607.83;203.365;737.216;61.03;90.31;466.9
28.10.2005;1182.67;605.69;202.912;732.701;61.22;89.59;473.5
04.11.2005;1207.15;637.38;198.609;734.311;60.58;91.26;456.9
11.11.2005;1216.39;646.64;198.359;734.353;57.53;91.98;468.7
18.11.2005;1227.14;657.74;198.054;732.575;56.14;91.93;485.8
25.11.2005;1243.4;667.16;199.243;734.921;58.71;92.04;496.08
02.12.2005;1249.71;679.1;198.413;737.303;59.32;91.93;503.38
09.12.2005;1252.59;683.73;199.407;739.07;59.39;91.25;526.4
16.12.2005;1267.83;689.64;203.776;741.128;58.06;89.71;503.25
23.12.2005;1270.98;703.32;202.428;741.845;58.43;90.78;502.8
30.12.2005;1257.78;706.48;201.662;743.58;61.04;91.17;517
06.01.2006;1308.15;744.63;206.67;750.22;64.21;88.91;539.95
13.01.2006;1306.77;756.75;206.542;750.112;63.92;88.89;557.35
20.01.2006;1281.7;754.22;205.773;750.526;68.35;88.97;554.5
27.01.2006;1311.68;779.37;204.197;753.564;67.76;89.32;559.5
03.02.2006;1296.13;767.59;202.154;755.889;65.37;89.89;568.9
10.02.2006;1291.21;771.21;202.127;754.985;61.84;90.55;551
17.02.2006;1301.88;778.56;202.222;758.796;59.88;90.64;552.1
24.02.2006;1313.12;786.06;202.223;759.427;62.91;90.61;559.05
03.03.2006;1311.7;784.85;202.773;758.585;63.67;89.66;565.4
10.03.2006;1303.84;752.45;199.773;758.114;59.96;90.85;541.05
17.03.2006;1338.58;782.39;203.378;762.288;62.77;88.92;554.1
24.03.2006;1335.52;774.14;201.756;765.504;64.26;90.07;560.13
31.03.2006;1335.07;787.8;201.042;764.965;66.63;89.73;583.65
07.04.2006;1346.29;814.06;200.122;764.57;67.39;89.69;588.85
14.04.2006;1334.98;809.06;200.122;764.57;69.32;89.59;603
21.04.2006;1370.01;843.6;202.3;767.299;71.95;88.05;633.98
28.04.2006;1373.38;841.58;205.508;769.169;71.88;86.11;654.43
05.05.2006;1399.6;870.38;207.617;770.287;70.19;85.14;683.8
12.05.2006;1373.12;856.95;209.038;771.327;72.04;83.91;714.8
19.05.2006;1321.98;786.47;207.966;769.151;68.53;84.88;657.6
26.05.2006;1332.43;769.7;208.53;769.16;71.37;85.16;653.7
02.06.2006;1342.76;767.11;210.572;770.366;72.33;84.04;638.2
09.06.2006;1283.85;706.1;207.572;768.961;71.63;85.72;607.45
16.06.2006;1278.1;706.75;206.657;764.696;69.88;85.94;581.15
23.06.2006;1277.43;699.76;203.869;760.436;70.87;86.88;583.05
30.06.2006;1319.93;747.54;207.184;766.109;73.93;85.16;615.85
07.07.2006;1319.12;751.51;207.636;768.229;74.09;85.01;629.25
14.07.2006;1274.69;722.67;206.238;768.093;77.03;86.1;664.15
21.07.2006;1279.85;729.88;207.217;770.483;73.08;85.93;619.75
28.07.2006;1328.16;755.4;208.652;773.76;73.24;85.38;634.75
04.08.2006;1335.69;763.4;210.531;777.86;74.76;84.58;646.5
11.08.2006;1318.5;768.47;208.401;778.449;74.35;85.49;632.55
18.08.2006;1354.91;777.22;209.672;782.533;71.14;85.09;614.9
25.08.2006;1345.06;766;209.867;783.616;72.51;85.38;622.53
01.09.2006;1365.17;778.57;211.049;787.255;69.19;84.92;625.45
08.09.2006;1344.48;770.11;209.775;790.024;66.25;85.95;610.8
15.09.2006;1355.1;771.51;209.624;792.525;63.33;85.98;579.34
22.09.2006;1354.46;764.86;212.743;793.646;60.55;85.16;589.6
29.09.2006;1373.37;778.16;210.54;796.917;62.91;86.03;598.3
06.10.2006;1383.81;783.79;209.189;799.637;59.76;86.5;574.1
13.10.2006;1398.12;803.67;207.279;801.472;58.57;87.12;590.4
20.10.2006;1409.58;807.13;208.718;803.31;56.82;86.27;591.5
27.10.2006;1424.88;814.83;211.12;806.622;60.75;85.56;599.95
03.11.2006;1413.91;826.91;211.169;810.328;59.14;85.71;627.4
10.11.2006;1431.87;842.7;213.412;814.986;59.59;85.07;628.56
17.11.2006;1439.75;843.76;212.835;818.325;55.81;85.31;621.7
24.11.2006;1447.92;862.97;216.374;817.907;59.24;83.66;638.2
01.12.2006;1452.99;875.71;219.602;822.586;63.43;82.48;645.6
08.12.2006;1469.49;885.44;218.336;826.055;62.03;83.29;625.15
15.12.2006;1483.77;891.64;215.113;826.275;63.43;84.04;615.35
22.12.2006;1472.99;892.95;214.851;828.279;62.41;83.81;621.01
29.12.2006;1483.58;912.65;214.178;829.962;61.05;83.65;636.7
05.01.2007;1469.8;893.96;212.965;831.834;56.31;84.64;607.4
12.01.2007;1487.56;884.53;211.204;833.426;52.99;85.02;627.2
19.01.2007;1493.56;896.78;211.368;837.411;51.99;84.86;635.4
26.01.2007;1487.3;901.99;210.449;839.161;55.42;85.23;646
02.02.2007;1515.72;919.62;211.445;840.888;59.02;84.96;647.85
09.02.2007;1513.76;924.16;211.458;845.878;59.89;84.88;666.85
16.02.2007;1536.74;937.11;213.972;850.453;59.39;84.06;669.05
23.02.2007;1538.93;940.24;213.748;852.602;61.14;84.05;682.55
02.03.2007;1470.04;877.6;216.862;848.476;61.64;83.74;642.45
09.03.2007;1485.23;889.33;215.752;852.089;60.05;84.25;650.28
16.03.2007;1469.67;882.88;218.338;850.15;57.11;83.19;653.4
23.03.2007;1526.85;923.44;217.246;852.773;62.28;83.28;657.4
30.03.2007;1514.18;929.03;216.772;852.346;65.87;82.93;663.8
06.04.2007;1542.02;950.45;216.772;852.346;64.28;82.992;675
13.04.2007;1553.66;968.99;216.651;855.149;63.63;82.129;685.52
20.04.2007;1583.14;979.57;218.064;860.56;63.38;81.643;691.95
27.04.2007;1584.09;975.81;218.357;862.769;66.46;81.529;681.55
04.05.2007;1597.45;995.29;217.911;865.03;61.93;81.741;688.85
11.05.2007;1593.84;990.84;217.394;866.955;62.37;82.116;670.85
18.05.2007;1604.62;1005.71;215.985;868.011;64.94;82.197;661.75
25.05.2007;1599.4;1004.87;214.96;869.3;65.2;82.331;656
01.06.2007;1625.22;1031.52;213.931;869.363;65.08;82.322;671.75
08.06.2007;1585.93;1006.86;212.457;862.293;64.76;82.691;648.85
15.06.2007;1619.22;1049.36;212.457;862.293;68;82.851;655.35
22.06.2007;1598.1;1064.22;211.632;858.137;69.14;82.336;654.3
29.06.2007;1602.36;1059.69;213.39;855.003;70.68;81.92;649.65
06.07.2007;1631.37;1105.99;213.519;853.051;72.81;81.465;655.9
13.07.2007;1654.8;1146.12;215.528;851.501;73.93;80.576;666.9
20.07.2007;1642.2;1151.04;218.3;846.351;75.57;80.288;683.4
27.07.2007;1555.57;1085.33;219.668;821.165;77.02;80.946;661.2
03.08.2007;1542.18;1080.33;221.052;829.627;75.48;80.177;673
10.08.2007;1531.42;1043.57;220.669;833.027;71.47;80.679;672.8
17.08.2007;1498.24;957.96;222.918;828.507;71.98;81.426;657.8
24.08.2007;1552.63;1039.79;222.827;836.305;71.09;80.667;668.2
31.08.2007;1561.59;1086.98;223.189;837.64;74.04;80.791;673.3
07.09.2007;1542.64;1088.49;226.983;840.452;76.7;79.959;700.8
14.09.2007;1566.52;1107.74;226.604;842.402;79.1;79.617;707.6
21.09.2007;1614.11;1161.14;226.46;854.254;83.32;78.597;731.5
28.09.2007;1633.58;1204.9;228.305;857.76;81.66;77.719;743.6
05.10.2007;1663.74;1246.04;226.932;861.702;81.22;78.308;742.7
12.10.2007;1675.29;1276.5;226.073;867.67;83.69;78.224;749.85
19.10.2007;1627.42;1263.26;230.41;861.49;88.6;77.407;765.2
26.10.2007;1658.95;1311.52;232.327;862.358;91.86;77.027;785.2
02.11.2007;1647.07;1310.15;233.391;860.877;95.93;76.337;807
09.11.2007;1598.08;1278.03;238.189;852.442;96.32;75.4;832
16.11.2007;1581.1;1245.8;237.92;844.52;95.1;75.827;786.3
23.11.2007;1566.9;1186.06;241.504;836.341;98.18;75.053;823.8
30.11.2007;1610.94;1242.06;238.326;845.808;88.71;76.147;783.55
07.12.2007;1630.05;1282.74;236.768;846.767;88.28;76.288;794.8
14.12.2007;1582.12;1224.65;233.52;847.673;91.27;77.436;794.87
21.12.2007;1580.55;1215.99;233.221;844.931;93.31;77.721;811.8
28.12.2007;1594.79;1247.07;236.602;847.298;96;76.218;840.5
04.01.2008;1543.31;1225.03;241.972;842.023;97.91;75.793;859.6
11.01.2008;1515.93;1213.7;241.864;834.415;92.69;75.978;895.4
18.01.2008;1437.8;1136.25;243.51;827.824;90.57;76.383;883.1
25.01.2008;1438.96;1111.14;243.851;833.866;90.71;75.973;913.9
01.02.2008;1487.56;1120;246.288;839.038;88.96;75.445;905.3
08.02.2008;1414.58;1095.37;243.764;830.083;91.77;76.67;922.95
15.02.2008;1439.5;1133.82;244.057;826.072;95.5;76.101;902.5
22.02.2008;1448.93;1150.3;244.912;825.254;98.81;75.52;945.2
29.02.2008;1455.56;1167.66;251.78;827.24;101.84;73.714;973.9
07.03.2008;1411.27;1117.5;253.801;822.109;105.15;73.027;973.2
14.03.2008;1407.99;1092.54;258.375;813.216;110.21;71.657;1002.9
21.03.2008;1406.98;1052.01;258.375;813.216;101.84;72.709;919.5
28.03.2008;1435.62;1112.76;258.396;825.292;105.62;71.678;931.4
04.04.2008;1492.57;1145.21;256.96;834.366;106.23;72.021;913.8
11.04.2008;1461.42;1160.36;257.93;836.96;110.14;71.808;925.3
18.04.2008;1504.56;1175.85;252.24;846.419;116.69;72.012;916.9
25.04.2008;1514.52;1189.01;250.706;852.02;118.52;72.79;886.3
02.05.2008;1530.19;1207.46;248.502;862.052;116.32;73.5;856.45
09.05.2008;1513.69;1188.61;251.766;859.149;125.96;73.05;884.85
16.05.2008;1555.61;1240.31;250.161;863.724;126.29;72.844;902.4
23.05.2008;1517.41;1207.96;251.528;862.477;132.19;71.888;925.1
30.05.2008;1525.73;1210.04;247.259;860.754;127.35;72.879;886.5
06.06.2008;1496.48;1182.84;248.896;863.435;138.54;72.39;902.25
13.06.2008;1459.96;1120.03;241.332;858.47;134.86;74.146;871.55
20.06.2008;1430.44;1110.48;245.387;853.347;134.62;73.03;902.3
27.06.2008;1397.59;1084.79;248.715;837.78;140.21;72.36;927.8
04.07.2008;1367.04;1030.32;248.15;831.397;145.29;72.731;933.3
11.07.2008;1345.47;1043;251.159;824.312;145.08;72.096;964.2
18.07.2008;1362.52;1022.16;249.337;827.124;128.88;72.189;955
25.07.2008;1360.69;1024.52;247.501;828.9;123.26;72.86;929.85
01.08.2008;1351.91;1029.81;249.153;821.911;125.1;73.424;910.95
08.08.2008;1357.83;990.02;244.653;823.154;115.2;75.845;856.6
15.08.2008;1342.97;971.89;242.766;827.863;113.77;77.18;787.7
22.08.2008;1337.53;956.22;243.56;824.139;114.59;76.805;823.03
29.08.2008;1344.87;956.25;244.253;827.079;115.46;77.381;831.15
05.09.2008;1269.13;873.68;243.421;827.109;106.23;78.932;803.5
12.09.2008;1283.14;855.47;240.942;826.302;101.18;78.966;765.5
19.09.2008;1286.44;845.56;242.57;806.148;104.55;77.68;873.55
26.09.2008;1250.37;823.69;245.187;774.277;106.89;76.953;878.75
03.10.2008;1138.67;741.73;241.94;731.165;93.88;80.313;835.58
10.10.2008;910.33;591.9;242.171;651.473;77.7;82.997;850.1
17.10.2008;950.77;567.92;239.89;637.065;71.85;82.413;783.35
24.10.2008;871.64;473.98;242.545;625.382;64.15;86.44;734.7
31.10.2008;957.25;570.52;237.282;635.156;67.81;85.633;723.85
07.11.2008;939.28;564.76;239.737;638.91;61.04;85.907;736.65
14.11.2008;879.42;530.28;239.87;620.668;57.04;86.365;742.1
21.11.2008;794.84;467.63;242.665;572.698;49.62;88.191;800.45
28.11.2008;892.93;526.97;245.47;581.379;54.43;86.517;818.05
05.12.2008;848.4;497.51;249.58;570.908;40.81;87.121;756.45
12.12.2008;885.37;551.71;254.157;566.792;46.28;83.644;822.4
19.12.2008;906.92;582.06;263.894;584.541;33.87;81.298;838.25
26.12.2008;893.42;551.58;264.229;600.959;37.71;80.892;869.3
02.01.2009;945.97;580.96;262.643;628.98;46.34;81.839;875.4
09.01.2009;922.63;571.25;260.284;663.526;40.83;82.663;854.2
16.01.2009;865.83;537.84;257.506;657.397;36.51;84.212;843.15
23.01.2009;825.38;507.29;251.404;653.69;46.47;85.608;899.78
30.01.2009;838.83;529.53;252.016;661.625;41.68;85.999;927.85
06.02.2009;870.74;557.53;250.788;663.958;40.17;85.346;911.5
13.02.2009;837.02;554.31;251.951;663.734;37.51;86.041;941.7
20.02.2009;772.84;502.51;247.966;651.283;38.94;86.488;992.9
27.02.2009;750.86;499.3;244.099;636.537;44.76;88.008;942.32
06.03.2009;697.5;488.31;245.552;616.823;45.52;88.512;939.37
13.03.2009;756.41;527.98;246.372;629.671;46.25;87.428;929.73
20.03.2009;789.93;552.99;254.732;641.083;51.06;83.841;952.23
27.03.2009;824.69;591.32;250.713;660.726;52.38;85.111;923.15
03.04.2009;854.9;617.11;249.507;666.94;52.51;84.165;893.15
10.04.2009;861.96;636.04;249.507;666.94;52.24;85.786;881.65
17.04.2009;881.27;643.4;247.632;705.226;50.33;85.981;868.85
24.04.2009;882.26;647.84;250.789;710.243;51.55;84.714;912.83
01.05.2009;896.22;662.83;249.789;735.864;53.2;84.546;886.55
08.05.2009;953.57;725.13;251.08;764.245;58.63;82.529;916.65
15.05.2009;920.85;707.93;255.523;755.893;56.34;83.024;931.78
22.05.2009;941.25;746.42;258.17;772.414;61.67;79.958;957.35
29.05.2009;970;773.12;258.466;783.944;66.31;79.348;979.18
05.06.2009;982.29;786.96;253.3;800.996;68.44;80.67;955.33
12.06.2009;994.39;790.19;253.839;814.078;72.04;80.142;939.3
19.06.2009;964.8;750.47;255.682;804.012;69.55;80.264;934.03
26.06.2009;963.77;761.92;259.674;803.053;69.16;79.878;939.6
03.07.2009;946.8;766.32;259.533;811.561;66.73;80.382;932.5
10.07.2009;921.4;736.02;263.033;808.247;59.89;80.233;913.05
17.07.2009;982.5;782.68;261.479;814.739;63.56;79.347;937.5
24.07.2009;1027.49;823.71;261.585;835.029;68.05;78.749;951.35
31.07.2009;1044.75;844.02;263.187;855.883;69.45;78.347;954
07.08.2009;1063.21;852.93;260.033;870.582;70.93;78.975;954.95
14.08.2009;1063.98;852.74;264.609;869.53;67.51;78.885;948.67
21.08.2009;1080.57;845.51;265.619;864.467;72.54;78.044;953.78
28.08.2009;1094.09;851.46;267.633;872.567;72.74;78.366;955.1
04.09.2009;1075.41;853.32;267.244;874.839;68.02;78.136;994.4
11.09.2009;1119.22;894.3;273.246;889.488;69.29;76.608;1005.3
18.09.2009;1139.43;918.9;271.956;913.366;72.04;76.425;1007.47
25.09.2009;1115.4;908.07;274.053;923.734;66.02;76.812;990.9
02.10.2009;1088.9;901.39;275.151;919.378;69.95;77.003;1002.75
09.10.2009;1139.84;946.29;275.377;927.454;71.77;76.431;1049.25
16.10.2009;1156.2;966.04;274.466;934.693;78.53;75.597;1053.55
23.10.2009;1153.42;967.95;273.971;941.504;80.5;75.468;1055.45
30.10.2009;1106.17;914.26;274.496;940.338;77;76.3;1045.45
06.11.2009;1132.19;936.36;275.026;940.137;77.43;75.819;1095.2
13.11.2009;1158.26;962.51;276.7;945.806;76.35;75.334;1118.65
20.11.2009;1145.72;965.08;277.957;948.077;76.72;75.656;1150.6
27.11.2009;1144.58;941.01;282.086;950.994;76.05;74.996;1177.63
04.12.2009;1168.9;983.32;277.616;955.184;75.47;75.911;1161.43
11.12.2009;1155.54;972.79;275.312;962.393;69.87;76.573;1115.38
18.12.2009;1144.11;950.21;272.591;971.573;73.36;77.821;1113.2
25.12.2009;1171.56;974.19;272.591;971.573;78.05;77.734;1105.45
01.01.2010;1168.47;989.47;272.591;971.573;79.36;77.86;1097.35
08.01.2010;1198.26;1016.41;269.244;997.403;82.75;77.471;1138.23
15.01.2010;1195.66;1010.77;272.813;1000.26;78;77.323;1130.93
22.01.2010;1149.89;963.85;271.855;995.126;74.54;78.277;1093.23
29.01.2010;1119.54;933.59;269.798;992.897;72.89;79.462;1081.2
05.02.2010;1095.48;897.7;269.496;987.351;71.19;80.441;1066.25
12.02.2010;1107.32;921.75;268.438;975.401;74.13;80.218;1097.1
19.02.2010;1134.45;933.35;265.112;989.234;79.81;80.643;1119.2
26.02.2010;1133.35;935.93;270.467;993.668;79.66;80.362;1117.59
05.03.2010;1170.46;974.92;268.647;1005.494;81.5;80.432;1134.9
12.03.2010;1187.37;992.68;269.509;1015.091;81.24;79.833;1101.85
19.03.2010;1190.78;997.94;268.338;1020.331;80.68;80.724;1107.05
26.03.2010;1193.41;993.08;265.062;1023.781;80;81.676;1107.25
02.04.2010;1212.76;1028.54;265.062;1023.781;84.87;81.173;1123.8
09.04.2010;1223.32;1044;265.453;1031.304;84.92;81.093;1161.75
16.04.2010;1222.25;1032.08;267.834;1042.192;83.24;80.824;1137.41
23.04.2010;1225.38;1024.07;264.627;1045.223;85.12;81.352;1157.73
30.04.2010;1198.56;1020.03;265.37;1047.959;86.15;81.866;1179.03
07.05.2010;1099.58;927.04;262.708;1022.419;75.11;84.45;1208.4
14.05.2010;1123.78;959.81;262.313;1029.27;71.61;86.095;1232.98
21.05.2010;1073.61;886.66;266.247;1009.203;68.01;85.371;1177.08
28.05.2010;1080.3;917.05;263.305;1011.423;73.97;86.48;1214.73
04.06.2010;1060.27;913.49;260.763;1010.905;71.51;88.233;1220.03
11.06.2010;1080.68;917.18;261.961;1006.171;73.78;87.507;1226.58
18.06.2010;1115.35;953.48;264.612;1023.905;77.18;85.699;1256.8
25.06.2010;1079.52;947.56;266.36;1026.896;78.86;85.313;1255.68
02.07.2010;1036.62;913.55;271.16;1024.468;72.14;84.427;1211.65
09.07.2010;1091.53;951.85;270.434;1034.305;76.09;83.947;1211.71
16.07.2010;1089.89;948.92;275.47;1045.003;76.01;82.486;1193
23.07.2010;1117.45;981.42;273.745;1052.872;78.98;82.464;1189.14
30.07.2010;1124.83;991.41;277.165;1060.969;78.95;81.539;1181
06.08.2010;1152.25;1010.95;282.258;1066.408;80.7;80.407;1205.4
13.08.2010;1103.56;980.47;278.207;1060.04;75.39;82.948;1215.43
20.08.2010;1093.77;988.16;279.978;1063.406;73.46;83.057;1227.89
27.08.2010;1089.24;970.04;280.71;1062.424;75.17;82.918;1237.83
03.09.2010;1131.49;1003.75;280.947;1068.441;74.6;82.102;1246.55
10.09.2010;1139.02;1012.98;279.222;1075.616;76.45;82.698;1245.98
17.09.2010;1156.1;1035.94;280.165;1085.033;73.66;81.398;1274.18
24.09.2010;1183.03;1053.27;286.3;1087.805;76.49;79.395;1296.63
01.10.2010;1184.19;1086.09;290.186;1096.722;81.58;78.088;1319.03
08.10.2010;1209.77;1101.27;294.223;1107.352;82.66;77.325;1346.85
15.10.2010;1223.43;1121.43;294.29;1111.567;81.25;77.041;1368.4
22.10.2010;1222.96;1105.19;292.727;1114.232;81.69;77.472;1328.55
29.10.2010;1222.23;1105.75;293.191;1120.65;81.43;77.266;1359.4
05.11.2010;1264.73;1155.94;293.917;1129.842;86.85;76.548;1393.63
12.11.2010;1236.35;1121.17;288.368;1125.419;84.88;78.082;1368.75
19.11.2010;1235.33;1112.02;285.1;1117.215;81.51;78.504;1353.63
26.11.2010;1210.36;1081.06;280.683;1112.154;83.76;80.357;1363.8
03.12.2010;1247.15;1121.78;282.722;1114.193;89.19;79.377;1414.08
10.12.2010;1256.52;1114.79;278.661;1117.434;87.79;80.07;1386.13
17.12.2010;1257.84;1115.42;277.612;1117.517;88.02;80.373;1375.38
24.12.2010;1274.42;1126.83;279.027;1121.611;91.51;80.474;1384.65
31.12.2010;1280.07;1151.38;284.157;1127.294;91.38;79.028;1421.4
07.01.2011;1281.41;1147.14;278.774;1137.097;88.03;81.012;1369.54
14.01.2011;1309;1160.03;281.373;1142.214;91.54;79.162;1361.85
21.01.2011;1302.54;1136.65;282.314;1144.261;88.86;78.213;1342.68
28.01.2011;1302.13;1126.29;283.063;1150.659;89.34;78.133;1336.78
04.02.2011;1331.65;1129.69;281.854;1155.74;89.03;78.044;1348.93
11.02.2011;1340.99;1091.16;279.556;1159.173;85.58;78.46;1356.95
18.02.2011;1362.62;1122.01;280.958;1164.69;86.2;77.664;1389.99
25.02.2011;1341.3;1099.46;284.561;1164.049;97.88;77.275;1410.65
04.03.2011;1348.44;1138.47;284.811;1168.216;104.42;76.4;1430.95
11.03.2011;1315.07;1108.52;285.331;1166.146;101.16;76.776;1417.65
18.03.2011;1287.13;1098.6;289.198;1165.339;101.07;75.718;1418.56
25.03.2011;1325.85;1143.94;288.113;1168.484;105.4;76.217;1429.88
01.04.2011;1341.45;1185.12;284.077;1172.368;107.94;75.833;1428.73
08.04.2011;1351.43;1206.03;284.77;1178.633;112.79;75.066;1474.91
15.04.2011;1338.04;1181.57;287.896;1180.521;109.66;74.832;1486.88
22.04.2011;1361.03;1205.96;287.896;1180.521;112.29;74.108;1507.04
29.04.2011;1388.62;1204.03;294.975;1188.055;113.93;72.933;1563.7
06.05.2011;1359.27;1163.34;294.459;1191.632;97.18;74.841;1495.58
13.05.2011;1343.17;1144.69;292.869;1193.427;99.65;75.757;1495.15
20.05.2011;1336.65;1140.55;291.682;1195.001;99.49;75.435;1512.23
27.05.2011;1338.47;1147.82;294.63;1192.785;100.59;74.954;1536.4
03.06.2011;1320.11;1155.51;297.352;1191.314;100.22;73.783;1542.28
10.06.2011;1288.49;1128.85;296.396;1185.01;99.29;74.795;1531.27
17.06.2011;1280.58;1103.74;296.187;1177.363;93.01;74.988;1539.4
24.06.2011;1275.45;1115.67;295.316;1175.585;91.16;75.665;1502.55
01.07.2011;1343.81;1156.74;295.075;1184.059;94.94;74.349;1487.43
08.07.2011;1343.13;1163.93;294.733;1192.116;96.2;75.179;1544.15
15.07.2011;1313.17;1135.6;296.537;1191.476;97.24;75.126;1593.6
22.07.2011;1348.69;1153.18;299.403;1196.571;99.87;74.201;1601.33
29.07.2011;1306.05;1137.73;302.322;1196.939;95.7;73.897;1627.05
05.08.2011;1194.05;1041.07;301.602;1175.433;86.88;74.598;1663.95
12.08.2011;1180.82;989.74;306.196;1142.391;85.38;74.607;1746.68
19.08.2011;1131.69;970.16;310.96;1147.416;82.26;74.009;1852.07
26.08.2011;1163.02;975.92;308.41;1136.828;85.37;73.814;1827.15
02.09.2011;1175.26;1021.88;308.49;1153.977;86.45;74.756;1882.96
09.09.2011;1134.68;992.31;305.095;1150.306;87.24;77.192;1855.57
16.09.2011;1176.03;976.84;305.628;1147.108;87.96;76.599;1811.38
23.09.2011;1094.92;861.53;305.808;1129.171;79.85;78.501;1656.74
30.09.2011;1104.06;880.43;303.29;1109.612;79.2;78.553;1623.79
07.10.2011;1126.15;883.9;303.829;1100.591;82.98;78.726;1637.85
14.10.2011;1186.4;935.5;303.745;1128.507;86.8;76.623;1680.95
21.10.2011;1194.33;920.07;305.647;1149.61;85.3;76.395;1641.85
28.10.2011;1254.2;1010.12;307.808;1176.157;93.32;75.067;1743.42
04.11.2011;1203.07;989.63;304.24;1172.291;94.26;76.962;1754.65
11.11.2011;1205.46;971.15;304.97;1163.779;98.99;76.945;1788.63
18.11.2011;1157.5;934.08;303.092;1155.669;97.41;78.064;1723.92
25.11.2011;1097.81;877.4;298.381;1141.067;96.77;79.686;1683.52
02.12.2011;1187.64;960.83;301.431;1158.07;100.96;78.625;1746.59
09.12.2011;1187.29;934.18;302.027;1165.702;99.41;78.632;1711.47
16.12.2011;1146.48;904.09;302.269;1165.375;93.53;80.256;1598.95
23.12.2011;1182.24;927.7;301.275;1172.086;99.68;79.93;1606.88
30.12.2011;1182.59;916.39;303.552;1178.032;98.83;80.178;1564.91
06.01.2012;1191.67;927.06;300.267;1186.97;101.56;81.254;1617.08
13.01.2012;1201.06;952.92;301.948;1190.345;98.7;81.515;1638.92
20.01.2012;1235.64;995.08;302.837;1196.952;98.46;80.223;1666.6
27.01.2012;1246.04;1016.61;306.59;1210.957;99.56;78.902;1738.95
03.02.2012;1273.74;1048.36;307.226;1216.555;97.84;78.924;1726.33
10.02.2012;1269.66;1042.15;305.923;1220.075;98.67;79.114;1721.85
17.02.2012;1288.05;1062.46;303.705;1223.779;103.24;79.331;1723.49
24.02.2012;1300.57;1067.56;304.617;1233.465;109.77;78.352;1772.35
02.03.2012;1298.5;1079.94;303.409;1240.072;106.7;79.403;1712.45
09.03.2012;1291.86;1060.01;301.43;1235.556;107.4;80.041;1713.85
16.03.2012;1320.96;1063.34;298.098;1237.016;107.06;79.786;1659.98
23.03.2012;1308.25;1041.96;300.525;1235.992;106.87;79.345;1661.7
30.03.2012;1312.01;1041.45;301.619;1237.487;103.02;79.004;1668.15
06.04.2012;1289.03;1036.71;301.619;1237.487;103.31;79.886;1640.3
13.04.2012;1268.35;1027.31;302.782;1235.124;102.83;79.888;1658.38
20.04.2012;1281.71;1021.51;302.852;1239.806;103.05;79.194;1643.05
27.04.2012;1298.71;1019.5;305.531;1248.152;104.93;78.709;1662.85
04.05.2012;1264.99;1012.96;306.334;1256.63;98.49;79.498;1642.35
11.05.2012;1242.4;971.01;305.801;1256.61;96.13;80.264;1579.35
18.05.2012;1178.43;906.61;305.56;1237.402;91.48;81.292;1593.03
25.05.2012;1188.56;902.13;303.726;1234.549;90.86;82.402;1573
01.06.2012;1152.97;893.86;306.89;1229.932;83.23;82.89;1624
08.06.2012;1188.86;905.17;304.283;1236.062;84.1;82.511;1593.4
15.06.2012;1208.53;925.22;306.03;1240.938;84.03;81.628;1627.1
22.06.2012;1205.67;917.18;303.377;1253.158;79.76;82.256;1572.43
29.06.2012;1235.72;937.35;305.359;1260.439;84.96;81.627;1597.45
06.07.2012;1229.36;946.01;304.787;1267.423;84.45;83.377;1583.85
13.07.2012;1225.55;926.13;306.161;1270.053;87.1;83.349;1589.6
20.07.2012;1231.35;936.87;307.368;1277.123;91.44;83.478;1584.53
27.07.2012;1250.02;941.76;307.831;1278.545;90.13;82.709;1623.2
03.08.2012;1259.65;952.79;308.012;1288.729;91.4;82.375;1603.55
10.08.2012;1278.36;979.25;308.308;1292.034;92.87;82.553;1620.15
17.08.2012;1290.23;971.05;305.136;1291.211;96.01;82.596;1616.4
24.08.2012;1285.84;965.47;309.123;1296.726;96.15;81.593;1670.5
31.08.2012;1279.21;947.33;310.818;1300.23;96.47;81.208;1691.85
07.09.2012;1312.08;968.82;312.671;1309.777;96.42;80.252;1735.85
14.09.2012;1347.61;1014.07;313.221;1325.525;99;78.847;1770.5
21.09.2012;1338.05;1006.6;313.415;1325.892;91.87;79.328;1773.1
28.09.2012;1311.5;1002.66;314.263;1317.853;92.19;79.935;1772.25
05.10.2012;1334.63;1009.16;313.942;1324.35;89.88;79.337;1780.7
12.10.2012;1306.02;996.7;314.62;1326.609;91.86;79.667;1754.03
19.10.2012;1322.28;1006.07;312.77;1334.561;90.05;79.621;1721.75
26.10.2012;1300.23;990.7;312.123;1330.353;86.28;80.068;1711.2
02.11.2012;1305.77;1004.68;310.743;1332.155;84.86;80.593;1678
09.11.2012;1276.02;990.98;312.501;1328.858;86.07;81.026;1731.07
16.11.2012;1253.31;969.82;310.482;1319.394;86.67;81.257;1713.72
23.11.2012;1304.85;995.94;310.329;1327.887;88.28;80.192;1753
30.11.2012;1315.49;1007.02;312.003;1338.911;88.91;80.153;1714.98
07.12.2012;1320.74;1024.06;311.863;1351.121;85.93;80.408;1704.07
14.12.2012;1325.49;1042.82;311.282;1357.146;86.73;79.58;1696.15
21.12.2012;1341.06;1043.03;310.965;1358.532;88.66;79.617;1657.22
28.12.2012;1326.84;1055.18;309.412;1359.694;90.8;79.678;1655.7
04.01.2013;1370.11;1077.9;304.308;1369.329;93.09;80.499;1656.1
11.01.2013;1381.94;1073.04;306.084;1377.526;93.56;79.563;1662.98
18.01.2013;1388.11;1080.74;305.018;1380.543;95.56;80.036;1684.25
25.01.2013;1405.47;1069.12;304.385;1386.383;95.88;79.748;1658.65
01.02.2013;1416.79;1072.82;303.615;1378.824;97.77;79.125;1667.4
08.02.2013;1410.44;1060.87;301.768;1373.741;95.72;80.246;1667.25
15.02.2013;1406.92;1066.52;300.238;1378.258;95.86;80.58;1610.15
22.02.2013;1402.05;1053.39;299.709;1379.97;93.13;81.482;1581.16
01.03.2013;1401.75;1053.13;299.815;1384.889;90.68;82.313;1576.18
08.03.2013;1428.72;1065.94;296.241;1390.749;91.95;82.696;1578.97
15.03.2013;1444.48;1042.24;298.668;1395.842;93.45;82.261;1592.1
22.03.2013;1432.33;1015.47;300.393;1397.019;93.71;82.376;1608.55
29.03.2013;1434.51;1034.9;300.393;1397.019;97.23;82.976;1597.5
05.04.2013;1419.11;1008.13;302.003;1400.583;92.7;82.496;1581.25
12.04.2013;1456.54;1019.61;299.631;1410.011;91.29;82.311;1482.75
19.04.2013;1422.25;1011.17;299.664;1408.624;88.01;82.714;1403.79
26.04.2013;1457.8;1022.36;301.571;1419.139;93;82.502;1461.92
03.05.2013;1482.46;1042.26;301.623;1433.429;95.61;82.125;1470.75
10.05.2013;1495.84;1050.74;296.009;1437.074;96.04;83.143;1448.55
17.05.2013;1512.98;1045.76;293.15;1432.172;96.02;84.252;1359.5
24.05.2013;1492.74;1026.68;293.964;1427.891;94.15;83.7;1386.64
31.05.2013;1471.93;1008.88;293.013;1417.187;91.97;83.375;1387.8
07.06.2013;1470.22;980.64;297.79;1405.828;96.03;81.669;1382.97
14.06.2013;1463.83;953.68;301.347;1399.157;97.85;80.67;1390.67
21.06.2013;1421.19;900.54;292.859;1380.821;95.4;82.318;1296.42
28.06.2013;1433.55;940.33;290.996;1379.18;96.56;83.136;1234.53
05.07.2013;1449.05;917.58;287.515;1379.07;103.22;84.449;1223.14
12.07.2013;1498.31;945.36;291.857;1396.634;105.95;82.988;1285.59
19.07.2013;1513.52;950.47;292.837;1414.552;108.05;82.607;1296.03
26.07.2013;1516.21;961.53;295.116;1406.405;104.7;81.657;1333.16
02.08.2013;1533.85;955.35;294.441;1403.669;106.94;81.908;1312.03
09.08.2013;1526.9;951.37;297.873;1402.408;105.97;81.126;1314.46
16.08.2013;1508.8;958.11;294.651;1397.769;107.46;81.257;1376.57
23.08.2013;1508.49;932.76;293.843;1393.038;106.42;81.361;1397.73
30.08.2013;1472.74;929.54;293.54;1396.966;107.65;82.087;1395.27
06.09.2013;1502.4;955.73;291.337;1396.695;110.53;82.146;1391.8
13.09.2013;1533.72;986.84;292.793;1402.779;108.21;81.452;1326.17
20.09.2013;1563.26;1013.17;296.04;1417.101;104.67;80.431;1325.85
27.09.2013;1554.99;999.88;298.856;1413.158;102.87;80.287;1336.88
04.10.2013;1547.5;1007.92;300.447;1417.319;103.84;80.122;1311.09
11.10.2013;1557.35;1023.21;299.013;1421.781;102.02;80.362;1272.2
18.10.2013;1598.14;1042.06;301.74;1434.875;100.81;79.654;1316.25
25.10.2013;1607.96;1027.27;303.559;1442.327;97.85;79.194;1350.62
01.11.2013;1597.86;1027.87;299.988;1445.834;94.61;80.716;1316.18
08.11.2013;1596.28;995.3;298.111;1441.197;94.6;81.303;1288.5
15.11.2013;1621.5;1005.17;298.545;1442.909;93.84;80.849;1290.18
22.11.2013;1623.15;1009.17;298.025;1446.902;94.84;80.708;1243.8
29.11.2013;1628.42;1018.28;298.46;1452.004;92.72;80.68;1253.35
06.12.2013;1612.61;1002.2;297.125;1452.71;97.65;80.315;1229.1
13.12.2013;1587.69;990.48;297.282;1454.227;96.6;80.214;1238.69
20.12.2013;1626.66;988.26;296.138;1456.586;98.77;80.575;1203.24
27.12.2013;1654.16;997.56;295.187;1458.344;100.32;80.392;1213.27
03.01.2014;1646.05;979.49;295.132;1462.738;93.96;80.791;1236.97
10.01.2014;1655.11;970.15;297.099;1469.966;92.72;80.658;1248.5
17.01.2014;1657.32;972.27;296.973;1475.725;94.37;81.225;1254.05
24.01.2014;1618.36;949.9;300.345;1471.571;96.64;80.458;1270.06
31.01.2014;1598.46;936.53;300.273;1471.048;97.49;81.311;1244.55
07.02.2014;1611.78;937.3;301.183;1474.676;99.88;80.691;1267.27
14.02.2014;1650.12;957.31;302.167;1482.779;100.3;80.136;1318.66
21.02.2014;1659.85;959.26;301.881;1490.542;102.92;80.237;1324.25
28.02.2014;1675.4;966.42;304.013;1500.658;102.59;79.691;1326.39
07.03.2014;1681.17;966.72;302.545;1497.77;102.58;79.719;1339.98
14.03.2014;1641.13;937.69;305.531;1495.371;98.89;79.446;1382.92
21.03.2014;1653.38;944.96;302.962;1499.261;99.43;80.105;1334.69
28.03.2014;1661.84;984.91;303.257;1502.461;101.67;80.176;1295.23
04.04.2014;1676.25;1002.04;302.659;1507.398;101.14;80.423;1303.5
11.04.2014;1638.43;1015.44;306.765;1507.647;103.74;79.452;1318.42
18.04.2014;1670.6;1011.87;306.765;1507.647;104.3;79.847;1294.3
25.04.2014;1670.76;993.35;306.339;1511.743;100.6;79.749;1303.25
02.05.2014;1688.99;1003.39;307.186;1515.139;99.76;79.516;1299.7
09.05.2014;1683.36;1006.95;307.09;1519.207;99.99;79.903;1288.91
16.05.2014;1683.69;1031.95;308.102;1522.555;102.02;80.043;1293.52
23.05.2014;1697.94;1042.92;306.879;1523.363;104.35;80.393;1292.61
30.05.2014;1715.18;1027.69;308.059;1528.337;102.71;80.369;1249.68
06.06.2014;1734.47;1044.93;307.004;1532.487;102.66;80.409;1253.23
13.06.2014;1727.21;1049.14;306.696;1536.084;106.91;80.576;1276.96
20.06.2014;1747.43;1043.86;306.985;1541.357;107.26;80.372;1314.82
27.06.2014;1740.86;1046.18;309.685;1541.208;105.74;80.039;1316.17
04.07.2014;1763.44;1062.4;308.137;1542.156;104.06;80.269;1320.55
11.07.2014;1736.02;1058.67;309.883;1539.33;100.83;80.187;1338.7
18.07.2014;1744.31;1063.26;309.893;1531.635;103.13;80.524;1310.88
25.07.2014;1748.25;1078.69;309.369;1534.492;102.09;81.029;1307.22
01.08.2014;1705.76;1060.13;308.566;1512.598;97.88;81.302;1293.75
08.08.2014;1690.59;1045.51;310.026;1519.214;97.65;81.389;1309.58
15.08.2014;1714.26;1074.51;310.687;1535.316;97.35;81.424;1304.7
22.08.2014;1735.96;1083.07;307.719;1541.199;93.65;82.336;1281.1
29.08.2014;1748.69;1087.88;309.119;1543.74;95.96;82.748;1287.32
05.09.2014;1750.63;1096.83;305.488;1537.053;93.29;83.739;1268.81
12.09.2014;1729.5;1061.53;301.242;1527.454;92.27;84.24;1229.65
19.09.2014;1740.32;1053.92;300.113;1530.637;92.41;84.735;1215.7
26.09.2014;1707.87;1023.91;299.985;1510.014;93.54;85.64;1218.38
03.10.2014;1675.29;997.27;298.659;1519.962;89.74;86.694;1191.42
10.10.2014;1626.68;989.87;302.368;1508.13;85.82;85.912;1223.16
17.10.2014;1613.56;976.76;304.881;1513.748;82.75;85.11;1238.32
24.10.2014;1667.88;984.38;302.585;1528.264;81.01;85.732;1231.01
31.10.2014;1708.09;1016.07;298.918;1529.301;80.54;86.917;1172.94
07.11.2014;1707.01;987.65;296.205;1527.167;78.65;87.642;1177.97
14.11.2014;1717.2;990.81;295.978;1523.138;75.82;87.525;1188.75
21.11.2014;1737.24;1004.35;295.549;1517.59;75.58;88.31;1201.55
28.11.2014;1739.5;1004.72;297.086;1517.884;66.15;88.356;1167.38
05.12.2014;1738.52;985.68;293.347;1503.287;65.84;89.334;1192.35
12.12.2014;1675.04;938.41;298.42;1471.681;57.81;88.363;1222.59
19.12.2014;1717;944.6;296.364;1487.29;56.52;89.598;1195.74
26.12.2014;1729.42;952.53;294.817;1494.473;54.73;90.03;1196
02.01.2015;1704.71;953.72;295.72;1496.263;52.69;91.08;1188.39
09.01.2015;1683.8;961.37;296.414;1499.538;48.36;91.935;1223.25
16.01.2015;1675.15;957.46;297.121;1494.899;48.69;92.52;1280.45
23.01.2015;1707.74;990.89;295.329;1500.854;45.59;94.762;1294.08
30.01.2015;1677.54;961.61;296.839;1506.132;48.24;94.804;1283.79
06.02.2015;1720.55;978.57;294.079;1520.881;51.69;94.698;1234.04
13.02.2015;1752.18;986.65;293.691;1524.411;52.78;94.201;1229.76
20.02.2015;1768.09;984.42;292.573;1530.146;50.34;94.253;1201.94
27.02.2015;1772.86;990.28;292.946;1541.334;49.76;95.293;1213.18
06.03.2015;1741.99;971.23;286.731;1534.842;49.61;97.615;1167.29
13.03.2015;1719.82;939.56;285.896;1526.3;44.84;100.33;1158.48
20.03.2015;1774.57;969.53;291.156;1526.899;45.72;97.909;1182.54
27.03.2015;1744.82;958.11;291.872;1531.23;48.87;97.291;1198.55
03.04.2015;1750.26;994.32;291.872;1531.23;49.14;96.545;1206.91
10.04.2015;1779.47;1034.59;289.216;1546.757;51.64;99.338;1207.59
17.04.2015;1769.01;1042.68;292.555;1550.33;55.74;97.52;1204.22
24.04.2015;1799.86;1060.5;292.788;1554.155;57.15;96.922;1179
01.05.2015;1787.4;1045.99;291.803;1552.533;59.15;95.297;1178.46
08.05.2015;1794.7;1034.94;290.875;1553.889;59.39;94.794;1188.39
15.05.2015;1807.06;1043.4;292.833;1554.46;59.69;93.135;1224.8
22.05.2015;1803.5;1037.62;287.315;1554.195;59.72;96.014;1206.21
29.05.2015;1779.31;1004.22;286.47;1556.653;60.3;96.907;1190.58
05.06.2015;1760.43;982.14;282.268;1544.958;59.13;96.306;1171.94
12.06.2015;1770.17;979.46;285.259;1542.085;59.96;94.972;1181.63
19.06.2015;1774.88;974.56;287.607;1543.076;59.61;94.085;1200.27
26.06.2015;1776.22;980.63;283.536;1539.248;59.63;95.472;1175.52
03.07.2015;1744.49;964.31;284.47;1537.363;56.93;96.113;1169.1
10.07.2015;1743.32;932.85;284.898;1531.492;52.74;96.025;1163.74
17.07.2015;1780.83;941.68;283.443;1532.477;50.89;97.862;1134.14
24.07.2015;1745.5;910.4;285.7;1517.191;48.14;97.244;1099.11
31.07.2015;1765.6;901.68;287.243;1524.022;47.12;97.336;1095.8
07.08.2015;1747.34;885.07;286.168;1511.637;43.87;97.563;1094.15
14.08.2015;1743.89;863.83;287.736;1502.653;42.5;96.52;1115.07
21.08.2015;1650.96;812.38;291.706;1491.07;41.14;95.008;1160.77
28.08.2015;1658.07;820.25;289.403;1495.342;45.22;96.106;1133.6
04.09.2015;1595.71;788.59;290.372;1499.542;46.05;96.229;1121.85
11.09.2015;1626.99;802.49;290.869;1506.531;44.63;95.194;1107.95
18.09.2015;1630.69;829.86;292.794;1498.279;44.68;94.863;1139.23
25.09.2015;1594.7;789.15;290.085;1476.476;45.7;96.269;1146.2
02.10.2015;1607.13;804.1;294.069;1450.292;45.54;95.83;1138.6
09.10.2015;1673.77;859.32;292.929;1489.797;49.63;94.813;1156.53
16.10.2015;1683.55;865.28;294.947;1490.846;47.26;94.54;1177.3
23.10.2015;1706.61;868.56;291.101;1499.846;44.6;97.127;1164.45
30.10.2015;1705.8;847.84;291.183;1498.477;46.59;96.946;1142.11
06.11.2015;1704.39;852.47;284.38;1493.456;44.29;99.168;1089.8
13.11.2015;1654.3;821.12;285.791;1472.523;40.74;98.998;1083.91
20.11.2015;1702.83;843.48;286.351;1464.677;40.39;99.565;1078.01
27.11.2015;1700.29;826.36;286.224;1462.751;41.71;100.02;1057.45
04.12.2015;1694.78;812.27;286.723;1461.657;39.97;98.354;1086.44
11.12.2015;1637.83;773.56;290.843;1427.062;35.62;97.565;1074.77
18.12.2015;1633.75;789.71;288.669;1413.285;34.73;98.703;1066.25
25.12.2015;1673.3;804.29;288.669;1413.285;38.1;97.847;1076.1
01.01.2016;1662.79;794.21;288.669;1413.285;37.04;98.683;1061.1
08.01.2016;1561.47;740.07;291.702;1423.886;33.16;98.54;1104.15
15.01.2016;1521;709.19;293.279;1387.964;29.42;98.956;1088.88
22.01.2016;1536.79;710.66;291.586;1389.531;32.19;99.574;1097.95
29.01.2016;1562.18;742.37;292.311;1405.024;33.62;99.606;1118.21
05.02.2016;1523.87;739.61;298.677;1389.501;30.89;97.031;1173.4
12.02.2016;1486.45;711.24;302.856;1361.966;29.44;95.94;1237.97
19.02.2016;1538.17;740.98;302.394;1382.835;29.64;96.6;1226.8
26.02.2016;1554.47;740.02;300.766;1404.005;32.78;98.148;1223.46
04.03.2016;1608.04;790.97;301.424;1447.389;35.92;97.34;1258.95
11.03.2016;1626.17;800.91;302.278;1464.039;38.5;96.172;1249.45
18.03.2016;1645.57;826.75;307.87;1479.146;39.44;95.086;1255.4
25.03.2016;1623.71;812.32;307.87;1479.146;39.46;96.273;1217.05
01.04.2016;1640.14;826.19;308.082;1473.765;36.79;94.619;1222.6
08.04.2016;1632.2;816.82;312.352;1480.667;39.72;94.235;1240.69
15.04.2016;1670.47;846.7;311.284;1503.998;40.36;94.696;1233.99
22.04.2016;1686.17;845.21;307.459;1520.781;43.73;95.116;1233.03
29.04.2016;1670.8;840.19;313.007;1532.23;45.92;93.082;1293.53
06.05.2016;1643.19;805.34;314.252;1518.417;44.66;93.888;1288.99
13.05.2016;1635.92;796.07;311.41;1525.413;46.21;94.608;1273.45
20.05.2016;1639.85;785.26;308.755;1528.674;47.75;95.334;1251.98
27.05.2016;1676.07;808.29;309.529;1540.627;49.33;95.521;1212.38
03.06.2016;1678.58;816.18;315.157;1543.244;48.62;94.029;1244.2
10.06.2016;1665.22;823.82;316.202;1556.602;49.07;94.571;1274.24
17.06.2016;1635.78;806.22;318.207;1545.281;47.98;94.206;1298.65
24.06.2016;1608.79;805.87;319.425;1547.411;47.64;95.448;1315.75
01.07.2016;1660.26;839.25;321.834;1565.111;48.99;95.649;1341.35
08.07.2016;1662.32;828.84;324.071;1581.456;45.41;96.302;1366.33
15.07.2016;1700.57;867.84;316.914;1600.336;45.95;96.58;1337.45
22.07.2016;1706.97;869.3;315.522;1605.055;44.19;97.467;1322.73
29.07.2016;1721.79;873.47;322.378;1598.389;41.6;95.53;1351.28
05.08.2016;1716.65;885.52;320.09;1607.114;41.8;96.194;1336
12.08.2016;1736.1;910.08;323.158;1620.225;44.49;95.722;1335.97
19.08.2016;1731.85;910.34;324.044;1628.558;48.52;94.511;1341.47
26.08.2016;1726.08;901.39;323.662;1632.763;47.64;95.566;1321.18
02.09.2016;1734.6;899.61;318.233;1634.47;44.44;95.844;1325.21
09.09.2016;1707.94;909.32;318.388;1633.849;45.88;95.336;1327.83
16.09.2016;1696.31;885.45;317.671;1623.446;43.03;96.108;1310.35
23.09.2016;1729.7;917.5;321.234;1638.151;44.48;95.477;1337.56
30.09.2016;1725.67;903.46;321.589;1644.946;48.24;95.463;1315.87
07.10.2016;1712.4;914.81;315.962;1652.19;49.81;96.632;1257.08
14.10.2016;1693.71;897.03;312.456;1653.448;50.35;98.019;1251.03
21.10.2016;1701.16;911.24;312.7;1663.537;50.43;98.695;1266.46
28.10.2016;1690.96;903.5;309.44;1654.785;48.7;98.348;1275.47
04.11.2016;1660.12;880.12;314.642;1636.047;44.07;97.065;1305.06
11.11.2016;1696.99;849.1;305.105;1635.574;43.41;99.06;1227.64
18.11.2016;1697.35;844.53;297.307;1629.91;45.69;101.21;1207.89
25.11.2016;1720.84;855.78;295.837;1639.41;46.06;101.49;1183.56
02.12.2016;1708.94;853.07;296.257;1644.552;51.68;100.77;1177.43
09.12.2016;1760.12;877.85;292.878;1665.637;51.5;101.59;1159.86
16.12.2016;1754.74;856.4;289.063;1663.317;51.9;102.95;1134.88
23.12.2016;1759.15;841.6;291.147;1670.424;53.02;103.01;1133.3
30.12.2016;1751.22;862.27;293.286;1675.435;53.72;102.21;1147.5
06.01.2017;1783.1;881.11;292.712;1691.045;53.99;102.22;1172.63
13.01.2017;1788.23;895.98;294.363;1693.51;52.37;101.18;1197.34
20.01.2017;1782.71;893.28;293.694;1691.214;52.42;100.74;1210.32
27.01.2017;1803.39;915.92;293.694;1691.214;53.17;100.53;1191.2
03.02.2017;1805.51;918.87;296.053;1705.688;53.83;99.868;1220.3
10.02.2017;1814.71;930.16;294.856;1707.331;53.86;100.8;1233.62
17.02.2017;1836.5;939.03;295.348;1710.614;53.4;100.95;1234.6
24.02.2017;1840.8;943.52;297.119;1720.312;53.99;101.09;1257.19
03.03.2017;1848.98;931.07;293.558;1725.769;53.33;101.54;1234.81
10.03.2017;1845.88;926.14;291.933;1704.588;48.49;101.25;1204.64
17.03.2017;1863.08;965.57;295.686;1708.454;48.78;100.3;1229.26
24.03.2017;1845.81;969.13;298.912;1704.851;47.97;99.627;1243.57
31.03.2017;1853.69;958.37;298.256;1720.836;50.6;100.35;1249.2
07.04.2017;1845.46;961.61;298.85;1725.807;52.24;101.18;1254.53
14.04.2017;1832.28;960.43;298.85;1725.807;53.18;100.51;1285.69
21.04.2017;1842.06;961.78;302.516;1728.667;50.27;99.977;1284.44
28.04.2017;1878.28;977.96;301.817;1739.773;49.33;99.05;1268.28
05.05.2017;1896.75;978.27;301.006;1737.294;46.22;98.648;1228.01
12.05.2017;1892.97;1002.37;299.821;1743.428;47.84;99.252;1228.43
19.05.2017;1894.77;995.67;304.535;1748.364;50.33;97.142;1255.93
26.05.2017;1912.21;1017;304.778;1754.223;49.8;97.442;1266.76
02.06.2017;1935.21;1015.08;306.584;1759.952;47.66;96.715;1279.17
09.06.2017;1922.79;1018.19;305.709;1758.34;45.83;97.274;1266.76
16.06.2017;1923.24;1003.12;306.504;1758.83;44.74;97.164;1253.73
23.06.2017;1925.02;1011.67;306.562;1752.765;43.01;97.264;1256.71
30.06.2017;1916.43;1010.8;305.002;1757.966;46.04;95.628;1241.61
07.07.2017;1913.18;1002.48;301.98;1753.138;44.23;96.008;1212.46
14.07.2017;1948.08;1047.05;304.768;1763.849;46.54;95.153;1228.7
21.07.2017;1958.77;1060.18;309.03;1774.345;46.79;93.858;1254.98
28.07.2017;1960.32;1062.97;309.333;1778.352;49.71;93.259;1269.64
04.08.2017;1967.77;1067.26;310.101;1778.832;49.58;93.542;1258.88
11.08.2017;1937.73;1042.8;312.835;1764.889;48.82;93.069;1289.31
18.08.2017;1930.41;1059.54;312.625;1765.533;48.51;93.434;1284.13
25.08.2017;1944.56;1085.37;313.544;1771.635;47.87;92.74;1291.35
01.09.2017;1965.79;1091.36;313.209;1778.781;47.29;92.814;1325.23
08.09.2017;1964.52;1091.17;317.86;1780.69;47.48;91.352;1346.59
15.09.2017;1987.72;1102.16;313.221;1784.615;49.89;91.872;1320.18
22.09.2017;1994.58;1102.25;312.026;1788.566;50.66;92.171;1297.3
29.09.2017;2000.55;1081.72;309.574;1793.602;51.67;93.076;1279.75
06.10.2017;2014.02;1103.12;307.73;1796.448;49.29;93.8;1276.68
13.10.2017;2028.01;1125.91;310.685;1796.768;51.45;93.091;1303.82
20.10.2017;2035.58;1119.69;308.155;1801.82;51.47;93.701;1280.47
27.10.2017;2034.6;1110.22;306.274;1799.269;53.9;94.916;1273.35
03.11.2017;2045.47;1126.18;307.504;1800.345;55.64;94.941;1269.91
10.11.2017;2040.25;1128.49;308.235;1786.018;56.74;94.391;1275.07
17.11.2017;2033.18;1136.45;310.381;1786.786;56.55;93.662;1292.42
24.11.2017;2059.54;1154.26;312.887;1793.537;58.95;92.782;1288.37
01.12.2017;2069.37;1115.94;311.938;1795.875;58.36;92.885;1280.62
08.12.2017;2073.46;1110.78;310.208;1796.468;57.36;93.901;1248.49
15.12.2017;2085.54;1118.5;311.415;1796.783;57.3;93.932;1256.44
22.12.2017;2099.59;1141.09;309.763;1797.275;58.47;93.347;1274.16
29.12.2017;2103.45;1158.45;312.376;1800.546;60.42;92.124;1302.8
05.01.2018;2156.6;1201.01;311.745;1815.254;61.44;91.949;1319.59
12.01.2018;2185.31;1208.17;313.339;1814.024;64.3;90.974;1337.64
19.01.2018;2207.4;1232.6;314.468;1811.773;63.37;90.572;1331.84
26.01.2018;2248.93;1273.07;317.956;1817.578;66.14;89.067;1349.12
02.02.2018;2171.54;1230.84;314.701;1803.929;65.45;89.195;1333.39
09.02.2018;2050.9;1142.85;314.313;1778.149;59.2;90.442;1316.65
16.02.2018;2137.91;1199.73;318.37;1793.073;61.68;89.1;1346.96
23.02.2018;2140.91;1216.43;316.881;1790.117;63.55;89.883;1328.71
02.03.2018;2089.84;1182.06;318.068;1785.567;61.25;89.935;1322.75
09.03.2018;2149.32;1207.23;317.043;1792.33;62.04;90.093;1323.93
16.03.2018;2134.05;1213.14;318.599;1788.692;62.34;90.233;1314.24
23.03.2018;2036.55;1172.1;321.511;1782.136;65.88;89.436;1347.33
30.03.2018;2066.84;1170.88;321.511;1782.136;64.94;89.974;1325.48
06.04.2018;2052.78;1161.97;319.258;1789.554;62.06;90.108;1333.03
13.04.2018;2088.98;1170.09;319.431;1804.418;67.39;89.8;1346.2
20.04.2018;2099.74;1168.24;317.07;1802.232;68.38;90.316;1336.36
27.04.2018;2096.05;1156.3;314.548;1795.448;68.1;91.542;1324
04.05.2018;2089.44;1136.17;313.12;1794.576;69.72;92.566;1314.5
11.05.2018;2131.96;1164.49;312.694;1799.559;70.7;92.537;1319.3
18.05.2018;2120.8;1137.75;308.807;1795.81;71.28;93.637;1293.04
25.05.2018;2110.8;1136.62;310.388;1795.455;67.88;94.253;1302.25
01.06.2018;2109.19;1130.22;310.498;1796.975;65.81;94.156;1293.4
08.06.2018;2137.74;1135.39;310.243;1804.366;65.74;93.535;1298.17
15.06.2018;2134.15;1113.76;309.398;1812.219;65.06;94.788;1278.94
22.06.2018;2114.9;1088;310.064;1811.278;68.58;94.52;1270.56
29.06.2018;2089.3;1069.52;310.418;1801.499;74.15;94.47;1252.6
06.07.2018;2113.74;1059.97;311.921;1801.668;73.8;93.963;1255.48
13.07.2018;2134.6;1075.64;309.746;1811.018;71.01;94.677;1244.32
20.07.2018;2139.17;1070.07;309.873;1812.799;70.46;94.476;1229.53
27.07.2018;2156.11;1092.36;308.785;1819.043;68.69;94.669;1224.22
03.08.2018;2155.39;1073.33;307.51;1825.339;68.49;95.161;1214.9
10.08.2018;2139.84;1062.37;307.408;1827.11;67.63;96.357;1210.57
17.08.2018;2138.11;1022.94;307.189;1827.379;65.91;96.101;1184.25
24.08.2018;2161.61;1050.19;308.576;1833.885;68.72;95.146;1205.35
31.08.2018;2175.5;1055.96;308.639;1835.098;69.8;95.14;1201.15
07.09.2018;2137.6;1022.98;307.625;1832.657;67.75;95.365;1196.93
14.09.2018;2166.59;1028.53;307.114;1841.268;68.99;94.927;1194.85
21.09.2018;2200.01;1051.44;307.004;1842.526;70.8;94.22;1200.04
28.09.2018;2184.01;1047.91;304.681;1845.124;73.25;95.132;1190.88
05.10.2018;2151.42;1000.76;301.637;1836.984;74.34;95.624;1203.63
12.10.2018;2063.44;980.09;303.926;1828.74;71.34;95.221;1217.05
19.10.2018;2062.34;971.47;302.946;1827.326;69.12;95.713;1226.49
26.10.2018;1981.89;939.55;304.538;1814.118;67.59;96.359;1233.53
02.11.2018;2036.7;996.72;302.4;1818.558;63.14;96.542;1232.89
09.11.2018;2063.16;976.17;301.97;1820.395;60.19;96.905;1209.65
16.11.2018;2031.76;986.3;303.582;1796.932;56.46;96.465;1223.36
23.11.2018;1975.09;969.17;303.802;1791.869;50.42;96.916;1223.05
30.11.2018;2041.36;994.72;303.537;1799.418;50.93;97.272;1220.52
07.12.2018;1965.24;981.37;306.702;1797.258;52.61;96.514;1249.31
14.12.2018;1942.55;971.9;305.563;1798.785;51.2;97.443;1239.02
21.12.2018;1834.97;957.33;309.2;1755.956;45.59;96.956;1256.94
28.12.2018;1870.8;962.63;310.693;1757.201;45.33;96.402;1280.71
04.01.2019;1904.18;964.97;313.398;1782.895;47.96;96.179;1286.05
11.01.2019;1957.17;1001.11;313.417;1816.392;51.59;95.67;1290.25
18.01.2019;2000.76;1018;311.374;1829.081;53.8;96.336;1282.11
25.01.2019;2001.86;1032.34;313.11;1828.826;53.69;95.794;1305.25
01.02.2019;2029.55;1050.2;314.684;1843.144;55.26;95.579;1317.98
08.02.2019;2020.53;1036.03;313.609;1846.064;52.72;96.637;1314.29
15.02.2019;2066.59;1030.64;312.24;1857.356;55.59;96.904;1322.49
22.02.2019;2086.97;1058.65;313.23;1863.817;57.26;96.507;1329.4
01.03.2019;2096.35;1051.54;311.459;1872.784;55.8;96.527;1293.44
08.03.2019;2051.12;1030.13;312.836;1862.617;56.07;97.306;1298.3
15.03.2019;2108.78;1057.3;313.751;1877.561;58.52;96.595;1302.4
22.03.2019;2094.81;1059.63;317.443;1882.358;59.04;96.651;1313.68
29.03.2019;2107.74;1058.13;316.573;1889.961;60.14;97.284;1292.38
05.04.2019;2149.85;1085.14;314.265;1900.133;63.08;97.395;1291.76
12.04.2019;2159.39;1089.09;314.563;1910.965;63.89;96.972;1290.43
19.04.2019;2160.36;1092.52;314.563;1910.965;64;97.378;1275.52
26.04.2019;2173.82;1078.06;314.176;1914.027;63.3;98.006;1286.16
03.05.2019;2177.77;1082.77;314.676;1916.803;61.94;97.52;1279.11
10.05.2019;2126.32;1033.44;317.099;1906.287;61.66;97.33;1286.05
17.05.2019;2116.51;996.39;316.736;1905.169;62.76;97.995;1277.53
24.05.2019;2095.03;986.65;318.571;1902.873;58.63;97.613;1284.93
31.05.2019;2046.25;998;320.912;1892.331;53.5;97.75;1305.58
07.06.2019;2126.88;1007.39;325.112;1910.865;53.99;96.544;1340.86
14.06.2019;2130.95;1015.08;323.71;1917.659;52.51;97.572;1341.7
21.06.2019;2178.16;1053.22;326.296;1938.49;56.65;96.22;1399.63
28.06.2019;2178.35;1054.86;327.531;1938.209;58.47;96.13;1409.55
05.07.2019;2205.57;1059.93;326.007;1942.393;57.51;97.286;1399.45
12.07.2019;2212.65;1050.91;324.943;1941.763;60.21;96.81;1415.75
19.07.2019;2194.61;1057.49;326.596;1938.563;55.63;97.151;1425.37
26.07.2019;2215.71;1048.66;325.052;1948.312;56.2;98.01;1418.9
02.08.2019;2149.99;1003.76;329.14;1941.36;55.66;98.074;1440.83
09.08.2019;2135.34;981.19;332.763;1934.979;54.5;97.491;1496.95
16.08.2019;2108.5;970.27;334.933;1932.354;54.87;98.142;1513.52
23.08.2019;2094.63;973.66;334.935;1946.396;54.17;97.64;1526.96
30.08.2019;2138.52;984.33;335.548;1956.567;55.1;98.916;1520.38
06.09.2019;2178.9;1007.96;334.462;1961.622;56.52;98.394;1506.82
13.09.2019;2205.81;1026.61;328.496;1964.398;54.85;98.257;1488.53
20.09.2019;2197.55;1021.27;330.444;1969.854;58.09;98.513;1516.9
27.09.2019;2175.54;1001.5;331.161;1963.167;55.91;99.109;1497.01
04.10.2019;2153.82;996.58;333.791;1954.242;52.81;98.808;1504.66
11.10.2019;2179.33;1011.54;329.694;1959.848;54.7;98.301;1489.01
18.10.2019;2195.28;1024.02;330.453;1967.481;53.78;97.282;1490.05
25.10.2019;2222.75;1035.84;329.562;1973.001;56.66;97.831;1504.63
01.11.2019;2252.07;1049.19;331.7;1970.037;56.2;97.239;1514.34
08.11.2019;2268.83;1064.85;325.647;1970.438;57.24;98.353;1459
15.11.2019;2282.8;1048.79;327.582;1969.045;57.72;97.999;1468.21
22.11.2019;2273.89;1048.55;328.227;1963.83;57.77;98.27;1461.93
29.11.2019;2292.26;1040.05;327.916;1972.257;55.17;98.273;1463.98
06.12.2019;2296.39;1048.96;327.526;1980.637;59.2;97.7;1460.17
13.12.2019;2319.73;1086.91;328.689;1996.842;60.07;97.172;1476.33
20.12.2019;2349.87;1107.64;326.444;2010.329;61.22;97.69;1478.22
27.12.2019;2364.9;1118.61;327.777;2013.107;61.72;96.919;1510.56
03.01.2020;2363.12;1123.87;330.177;2017.709;63.05;96.838;1552.2
10.01.2020;2377.62;1133.63;327.611;2022.963;59.04;97.356;1562.34
17.01.2020;2415.51;1146.83;327.031;2028.842;58.54;97.606;1557.24
24.01.2020;2395.31;1119.39;329.881;2020.281;54.19;97.853;1571.53
31.01.2020;2342.41;1062.34;334.033;2013.685;51.56;97.39;1589.16
07.02.2020;2404.75;1091.65;330.487;2026.393;50.32;98.684;1570.44
14.02.2020;2431.36;1106.3;329.815;2036.519;52.05;99.124;1584.06
21.02.2020;2402.8;1084.22;330.197;2037.789;53.78;99.262;1643.41
28.02.2020;2141.12;1005.52;337.87;1981.941;44.76;98.132;1585.69
06.03.2020;2149.29;1012.08;348.449;1973.53;41.28;95.951;1673.83
13.03.2020;1881.64;891.19;336.904;1829.946;31.73;98.749;1529.83
20.03.2020;1650.94;803.23;328.012;1636.929;22.43;102.817;1498.65
27.03.2020;1827.17;842.54;338.474;1725.587;21.51;98.365;1628.16
03.04.2020;1776.86;831.72;336.484;1707.91;28.34;100.576;1620.81
10.04.2020;1971.96;888.16;336.484;1707.91;22.76;99.482;1696.65
17.04.2020;2017.51;901.31;337.765;1844.437;18.27;99.782;1682.82
24.04.2020;1987.65;879.41;338.042;1802.32;16.94;100.38;1729.6
01.05.2020;2004.79;916.77;340.749;1811.998;19.78;99.079;1700.42
08.05.2020;2061.89;911.65;339.087;1829.617;24.74;99.734;1702.7
15.05.2020;2008.41;901.16;337.567;1816.107;29.43;100.402;1743.67
22.05.2020;2071.9;905.25;338.547;1865.902;33.25;99.863;1734.68
29.05.2020;2147.88;930.35;340.529;1899.845;35.49;98.344;1730.27
05.06.2020;2266.76;1002.65;337.505;1962.945;39.55;96.937;1685.06
12.06.2020;2164.46;987.01;341.922;1932.964;36.26;97.319;1730.75
19.06.2020;2208.97;1001.36;341.46;1949.592;39.75;97.623;1743.87
26.06.2020;2157.19;998.9;342.469;1925.112;38.49;97.433;1771.29
03.07.2020;2226.4;1033.09;342.293;1934.097;40.65;97.172;1775.95
10.07.2020;2259.6;1069.27;345.23;1939.37;40.55;96.652;1798.7
17.07.2020;2293.92;1055.06;345.398;1962.288;40.59;95.942;1810.42
24.07.2020;2291.58;1060.47;349.709;1992.192;41.29;94.435;1902.02
31.07.2020;2304.98;1078.92;353.249;2009.998;40.27;93.349;1975.86
07.08.2020;2355.97;1089.32;352.483;2021.655;41.22;93.435;2035.55
14.08.2020;2384.2;1093.16;349.502;2011.026;42.01;93.096;1945.12
21.08.2020;2392.11;1091.85;350.766;2012.945;42.58;93.247;1940.48
28.08.2020;2456.86;1121.6;350.734;2028.704;42.97;92.371;1964.83
04.09.2020;2399.6;1099.5;349.814;2026.23;39.77;92.719;1933.94
11.09.2020;2368.14;1091.79;350.52;2021.675;37.33;93.333;1940.55
18.09.2020;2367.99;1108.53;352.822;2024.565;41.11;92.926;1950.86
25.09.2020;2326.85;1059.1;349.769;1992.783;40.25;94.642;1861.58
02.10.2020;2362.41;1081.71;350.79;2010.471;37.05;93.844;1899.84
09.10.2020;2447.76;1122.51;350.891;2036.647;40.6;93.057;1930.4
16.10.2020;2440.14;1124.08;351.5;2036.863;40.88;93.682;1899.29
23.10.2020;2430.54;1136.45;351.208;2040.493;39.85;92.768;1902.05
30.10.2020;2292.93;1103.46;350.195;2018.257;35.79;94.038;1878.81
06.11.2020;2470.05;1176.36;354.416;2061.017;37.14;92.229;1951.35
13.11.2020;2529.29;1188.35;351.685;2070.258;40.13;92.755;1889.2
20.11.2020;2540.02;1209.26;354.405;2082.837;42.15;92.392;1870.99
27.11.2020;2601.45;1230.72;355.001;2096.45;45.53;91.79;1787.79
04.12.2020;2639.66;1251.04;354.975;2115.853;46.26;90.701;1838.86
11.12.2020;2621.89;1257.66;356.981;2118.45;46.57;90.976;1839.85
18.12.2020;2666.3;1268.36;357.831;2125.761;49.1;90.016;1881.35
25.12.2020;2659.27;1255.2;357.831;2125.761;48.23;90.223;1883.46
01.01.2021;2690.04;1291.75;357.831;2125.761;48.52;89.937;1898.67
08.01.2021;2753.31;1353.53;356.263;2143.01;52.24;90.098;1849.01
15.01.2021;2714.81;1358.03;354.776;2145.678;52.36;90.772;1828.45
22.01.2021;2755.66;1392.85;355.023;2147.061;52.27;90.238;1855.61
29.01.2021;2661.69;1329.57;354.158;2144.903;52.2;90.584;1847.65
05.02.2021;2773.45;1395.35;350.895;2160.581;56.85;91.042;1814.11
12.02.2021;2818.85;1428.87;351.804;2166.88;59.47;90.48;1824.23
19.02.2021;2806.47;1430.03;348.78;2165.716;59.24;90.364;1784.25
